epoch,time,train/loss,metrics/accuracy_top1,metrics/accuracy_top5,val/loss,lr/pg0,lr/pg1,lr/pg2
1,62.6825,0.7148,0.77,1,0.55635,0.00023732,0.00023732,0.00023732
2,127.001,0.43622,0.81786,1,0.4779,0.000240037,0.000240037,0.000240037
